key,mcce,expl
135L/ASP-A0018_,0.937,2.68
135L/GLU-A0035_,5.552,6.06
135L/GLU-A0007_,2.911,2.68
135L/ASP-A0119_,3.08,3.35
135L/ASP-A0087_,2.782,2.13
135L/ASP-A0052_,4.22,3.78
1A2P/CTR-C0110_,2.952,3.3
1A2P/HIS+C0102_,7.326,6.3
1A2P/ASP-C0101_,2.192,2.0
1A2P/ASP-C0086_,3.875,4.2
1A2P/ASP-C0008_,2.13,3.1
1A2P/GLU-C0073_,0.941,2.1
1A2P/GLU-C0060_,3.601,3.0
1A2P/ASP-C0054_,0.624,2.2
1A2P/ASP-C0012_,3.196,3.8
1A2P/HIS+C0018_,8.246,7.75
1A2P/ASP-C0022_,3.048,3.3
1A2P/GLU-C0029_,1.666,3.75
1A2P/ASP-C0044_,2.861,3.6
1A2P/ASP-C0075_,0.0,3.1
1A6K/HIS+A0119_,6.391,6.13
1A6K/HIS+A0113_,7.27,5.44
1A6K/HIS+A0097_,3.123,5.63
1A6K/HIS+A0081_,8.134,6.68
1A6K/HIS+A0048_,6.962,5.25
1A6K/HIS+A0036_,7.902,8.06
1A6K/HIS+A0024_,14.0,6.2
1A6K/HIS+A0116_,7.416,6.49
1A6K/HIS+A0012_,8.724,6.29
1A6M/HIS+A0119_,6.416,6.13
1A6M/HIS+A0116_,7.561,6.49
1A6M/HIS+A0097_,5.672,5.63
1A6M/HIS+A0081_,8.315,6.68
1A6M/HIS+A0048_,7.0,5.25
1A6M/HIS+A0113_,7.202,5.44
1A6M/HIS+A0036_,8.026,8.06
1A6M/HIS+A0012_,8.887,6.29
1A6M/HIS+A0024_,14.0,6.2
1ANS/TYR-A0018_,0.0,10.1
1ANS/GLU-A0020_,4.325,5.4
1ANS/CTR-A0027_,11.565,3.3
1ANS/TYR-A0007_,9.588,9.7
1B2V/HIS+A0083_,7.6,5.6
1B2V/HIS+A0128_,8.529,7.1
1B2X/ASP-A0022_,1.164,3.3
1B2X/GLU-A0073_,1.931,2.1
1B2X/ASP-A0044_,2.872,3.6
1B2X/GLU-A0029_,3.343,3.75
1B2X/HIS+A0018_,8.107,7.75
1B2X/ASP-A0012_,3.843,3.8
1B2X/ASP-A0008_,2.098,3.1
1B2X/HIS+A0102_,7.105,6.3
1B2X/GLU-A0060_,3.364,3.0
1B2X/ASP-A0086_,4.156,4.2
1B2X/ASP-A0075_,0.0,3.1
1BEG/NTR+A0001_,8.546,7.43
1BEG/CTR-A0098_,5.319,3.51
1BEG/ASP-A0021_,2.75,2.49
1BEG/LYS+A0094_,9.74,9.4
1BEG/LYS+A0061_,9.92,10.1
1BEG/TYR-A0012_,10.585,11.5
1BEG/ASP-A0072_,3.471,2.61
1BEG/ASP-A0030_,4.349,2.51
1BEG/TYR-A0085_,10.831,10.35
1BEO/CTR-A0098_,4.161,3.51
1BEO/TYR-A0085_,9.574,10.35
1BEO/LYS+A0094_,9.95,9.4
1BEO/NTR+A0001_,9.969,7.43
1BEO/ASP-A0021_,0.525,2.49
1BEO/ASP-A0030_,2.891,2.51
1BEO/ASP-A0072_,2.886,2.61
1BEO/TYR-A0012_,11.937,11.5
1BEO/LYS+A0061_,9.78,10.1
1BHC/ASP-J0003_,2.908,3.0
1BHC/GLU-J0007_,4.675,3.7
1BHC/LYS+J0026_,10.198,10.6
1BHC/LYS+J0041_,10.508,10.8
1BHC/ASP-J0050_,0.0,3.4
1BHC/LYS+J0046_,4.198,10.6
1BHC/GLU-J0049_,0.0,3.8
1BHC/LYS+J0015_,5.904,10.6
1BI6/ASP-H0032_,3.023,3.1
1BI6/ASP-H0038_,2.549,3.7
1BI6/GLU-H0001_,5.229,3.3
1BI6/GLU-H0002_,9.18,3.3
1BI6/ASP-H0009_,3.692,3.0
1BI6/GLU-H0024_,3.727,4.2
1BI6/GLU-L0005_,5.811,4.0
1BI6/ASP-H0013_,3.351,3.8
1BNI/GLU-B0060_,4.503,3.0
1BNI/ASP-B0044_,3.564,3.6
1BNI/ASP-B0012_,3.94,3.8
1BNI/ASP-B0022_,3.766,3.3
1BNI/HIS+B0018_,8.035,7.75
1BNI/ASP-B0008_,2.119,3.1
1BNI/GLU-B0029_,4.16,3.75
1BNI/ASP-B0075_,0.0,3.1
1BNI/GLU-B0073_,0.452,2.1
1BNI/HIS+B0102_,6.552,6.3
1BNI/ASP-B0086_,5.277,4.2
1BNJ/ASP-A0008_,1.917,3.1
1BNJ/ASP-A0012_,3.003,3.8
1BNJ/ASP-A0022_,2.155,3.3
1BNJ/GLU-A0029_,3.568,3.75
1BNJ/ASP-A0044_,3.157,3.6
1BNJ/GLU-A0060_,3.347,3.0
1BNJ/GLU-A0073_,1.829,2.1
1BNJ/ASP-A0075_,0.0,3.1
1BNJ/ASP-A0086_,3.851,4.2
1BNJ/HIS+A0102_,6.927,6.3
1BNJ/HIS+A0018_,8.034,7.75
1BNR/ASP-A0022_,3.495,3.3
1BNR/ASP-A0008_,2.782,3.1
1BNR/ASP-A0012_,2.531,3.8
1BNR/ASP-A0086_,4.254,4.2
1BNR/ASP-A0075_,0.808,3.1
1BNR/GLU-A0073_,1.506,2.1
1BNR/GLU-A0060_,5.329,3.0
1BNR/ASP-A0044_,3.051,3.6
1BNR/GLU-A0029_,3.669,3.75
1BNR/HIS+A0018_,7.637,7.75
1BNR/HIS+A0102_,4.094,6.3
1BPI/LYS+A0046_,9.692,10.6
1BPI/ASP-A0050_,1.956,3.4
1BPI/GLU-A0049_,3.939,3.8
1BPI/LYS+A0041_,10.958,10.8
1BPI/LYS+A0026_,10.285,10.6
1BPI/LYS+A0015_,10.054,10.6
1BPI/GLU-A0007_,5.117,3.7
1BPI/NTR+A0001_,6.533,8.1
1BPI/CTR-A0058_,3.967,2.9
1BPI/ASP-A0003_,2.557,3.0
1BUS/ASP-A0012_,3.14,3.6
1BUS/GLU-A0009_,4.895,4.5
1BUS/ASP-A0006_,3.808,4.1
1BUS/GLU-A0020_,3.002,4.4
1BVI/ASP-B0015_,3.275,3.52
1BVI/ASP-B0003_,4.065,3.54
1BVI/GLU-B0028_,4.858,5.61
1BVI/ASP-B0029_,5.553,4.26
1BVI/GLU-B0031_,4.527,5.36
1BVI/HIS+B0040_,10.897,7.44
1BVI/GLU-B0046_,4.49,3.62
1BVI/ASP-B0049_,3.968,4.22
1BVI/ASP-B0076_,2.811,0.5
1BVI/HIS+B0027_,8.413,7.57
1BVI/GLU-B0082_,2.619,3.27
1BVI/HIS+B0092_,7.55,7.31
1BVI/GLU-B0102_,7.252,5.3
1BVI/GLU-B0058_,0.0,3.96
1BVI/ASP-B0066_,3.142,3.9
1CDC/GLU-A0041_,7.514,6.73
1CDC/ASP-A0071_,3.105,3.18
1CDC/ASP-A0025_,3.36,3.53
1CDC/ASP-A0026_,3.105,3.58
1CDC/ASP-A0028_,2.381,3.57
1CDC/GLU-A0029_,0.0,4.42
1CDC/GLU-A0033_,1.096,4.16
1CDC/GLU-A0056_,3.369,3.92
1CDC/ASP-A0072_,2.845,4.14
1CDC/ASP-A0094_,2.389,3.87
1CDC/GLU-A0099_,4.919,4.25
1CDC/ASP-A0062_,5.638,4.15
1CVO/GLU-A0017_,4.635,4.0
1CVO/ASP-A0042_,4.213,3.2
1CVO/ASP-A0059_,2.486,2.3
1D0D/LYS+B0015_,10.14,10.6
1D0D/LYS+B0026_,10.984,10.6
1D0D/CTR-B0058_,2.723,2.9
1D0D/NTR+B0001_,9.549,8.1
1D0D/ASP-B0050_,1.96,3.4
1D0D/GLU-B0049_,3.869,3.8
1D0D/LYS+B0046_,9.799,10.6
1D0D/LYS+B0041_,9.538,10.8
1D0D/GLU-B0007_,2.676,3.7
1D0D/ASP-B0003_,2.966,3.0
1DE3/HIS+A0150_,7.936,7.6
1DE3/GLU-A0144_,3.863,4.3
1DE3/GLU-A0140_,3.228,4.3
1DE3/HIS+A0137_,0.694,5.8
1DE3/GLU-A0115_,3.373,4.9
1DE3/GLU-A0096_,0.264,5.1
1DE3/HIS+A0104_,5.159,6.6
1DE3/HIS+A0092_,6.913,6.9
1DE3/HIS+A0082_,10.984,7.3
1DE3/ASP-A0075_,1.402,3.9
1DE3/ASP-A0059_,2.076,4.1
1DE3/ASP-A0057_,3.748,4.3
1DE3/HIS+A0050_,7.448,7.7
1DE3/HIS+A0036_,8.417,6.8
1DE3/HIS+A0035_,8.486,6.3
1DE3/GLU-A0031_,3.42,4.6
1DE3/ASP-A0109_,3.031,3.7
1DE3/ASP-A0085_,5.38,3.8
1DE3/ASP-A0009_,4.211,3.9
1DE3/GLU-A0019_,3.454,4.6
1DG9/HIS+A0066_,8.907,8.29
1DG9/HIS+A0072_,8.698,9.19
1DIV/ASP-A0008_,3.182,2.99
1DIV/ASP-A0023_,2.52,3.05
1DIV/GLU-A0017_,3.239,3.57
1DIV/GLU-A0038_,3.912,4.04
1DIV/GLU-A0048_,3.724,4.21
1DIV/GLU-A0054_,4.275,4.21
1DUK/HIS+A0036_,7.523,7.84
1DUK/HIS+A0113_,5.56,5.46
1DUK/HIS+A0116_,7.059,6.63
1DUK/HIS+A0081_,8.194,6.58
1DUK/HIS+A0119_,5.31,6.39
1DWR/HIS+A0116_,7.092,6.79
1DWR/HIS+A0048_,6.92,5.62
1DWR/HIS+A0081_,7.791,6.94
1DWR/HIS+A0113_,6.638,5.87
1DWR/HIS+A0119_,6.383,6.56
1DWR/HIS+A0036_,7.759,7.8
1EGF/GLU-A0051_,4.568,4.0
1EGF/ASP-A0011_,4.667,3.9
1EGF/ASP-A0027_,3.256,4.0
1EGF/ASP-A0040_,4.171,3.6
1EGF/ASP-A0046_,2.7,3.8
1EGF/GLU-A0024_,4.22,4.1
1EH6/CYS-A0145_,8.671,5.3
1EPG/ASP-A0011_,4.674,3.9
1EPG/GLU-A0024_,4.652,4.1
1EPG/ASP-A0027_,3.195,4.0
1EPG/ASP-A0040_,3.093,3.6
1EPG/ASP-A0046_,2.52,3.8
1EPG/GLU-A0051_,4.521,4.0
1EPH/ASP-A0046_,1.59,3.8
1EPH/ASP-A0011_,3.591,3.9
1EPH/GLU-A0024_,4.004,4.1
1EPH/ASP-A0027_,4.175,4.0
1EPH/CTR-A0053_,4.045,3.5
1EPH/NTR+A0001_,8.654,7.7
1EPH/HIS+A0022_,9.083,6.8
1EPH/GLU-A0051_,4.612,4.0
1EPH/ASP-A0040_,3.966,3.6
1EPI/NTR+A0001_,5.956,7.7
1EPI/ASP-A0046_,3.845,3.8
1EPI/ASP-A0040_,2.823,3.6
1EPI/ASP-A0027_,3.246,4.0
1EPI/GLU-A0024_,3.621,4.1
1EPI/HIS+A0022_,10.451,6.8
1EPI/ASP-A0011_,4.13,3.9
1EPI/CTR-A0053_,3.888,3.5
1ERA/HIS+A0026_,7.281,5.8
1ERT/ASP-A0064_,3.547,3.1
1ERT/GLU-A0068_,5.471,4.9
1ERT/ASP-A0061_,3.184,5.3
1ERT/GLU-A0013_,4.257,4.8
1ERT/GLU-A0006_,9.084,4.8
1ERT/ASP-A0016_,3.183,3.7
1ERT/ASP-A0020_,2.548,3.6
1ERT/HIS+A0043_,6.924,5.5
1ERT/GLU-A0047_,3.437,4.1
1ERT/ASP-A0026_,11.705,9.9
1ERT/ASP-A0058_,4.569,3.1
1ERT/ASP-A0060_,6.885,4.2
1ERT/GLU-A0070_,3.8,4.6
1ERT/GLU-A0088_,3.177,3.7
1ERT/GLU-A0095_,3.96,4.1
1ERT/GLU-A0098_,3.339,3.9
1ERT/GLU-A0103_,5.016,4.4
1ERT/CTR-A0105_,3.514,3.2
1ERT/GLU-A0056_,4.107,5.0
1ERU/GLU-A0056_,3.662,5.1
1ERU/GLU-A0013_,4.34,4.4
1ERU/ASP-A0016_,3.136,4.2
1ERU/ASP-A0020_,2.517,3.8
1ERU/ASP-A0026_,0.0,8.1
1ERU/GLU-A0006_,8.66,4.9
1ERU/ASP-A0058_,5.17,2.7
1ERU/GLU-A0047_,3.537,4.3
1ERU/ASP-A0060_,5.62,3.9
1ERU/GLU-A0068_,5.331,5.1
1ERU/GLU-A0103_,4.883,4.5
1ERU/GLU-A0098_,3.444,3.9
1ERU/ASP-A0064_,3.732,3.2
1ERU/GLU-A0088_,3.258,3.6
1ERU/GLU-A0070_,4.024,4.8
1ERU/ASP-A0061_,4.207,5.2
1ERU/GLU-A0095_,3.579,4.1
1EX3/ASP-A0194_,4.941,2.29
1EX3/ASP-A0102_,0.0,1.36
1EY0/HIS+A0124_,6.912,5.73
1EY0/HIS+A0121_,7.113,5.3
1EY0/HIS+A0046_,14.0,5.86
1EY0/HIS+A0008_,8.014,6.52
1FEZ/LYS+A0053_,7.932,9.3
1FKS/HIS+A0087_,7.118,6.51
1FKS/HIS+A0094_,6.499,5.84
1FNA/GLU-A0038_,3.442,3.8
1FNA/GLU-A0047_,2.677,3.9
1FNA/ASP-A0080_,3.095,3.4
1FNA/ASP-A0067_,4.005,4.2
1FW7/HIS+A0102_,6.423,6.3
1FW7/ASP-A0075_,5.76,3.1
1FW7/GLU-A0073_,0.0,2.1
1FW7/GLU-A0060_,3.563,3.0
1FW7/ASP-A0044_,3.351,3.6
1FW7/ASP-A0086_,3.793,4.2
1FW7/ASP-A0022_,3.206,3.3
1FW7/HIS+A0018_,8.663,7.75
1FW7/ASP-A0012_,3.059,3.8
1FW7/ASP-A0008_,2.836,3.1
1FW7/GLU-A0029_,4.724,3.75
1GB1/ASP-A0046_,3.561,3.6
1GB1/LYS+A0010_,10.568,11.0
1GB1/GLU-A0015_,4.502,4.4
1GB1/ASP-A0022_,3.822,2.9
1GB1/GLU-A0027_,3.846,4.5
1GB1/LYS+A0028_,10.396,10.9
1GB1/ASP-A0036_,4.229,3.8
1GB1/ASP-A0040_,4.279,4.0
1GB1/ASP-A0047_,3.621,3.4
1GB1/GLU-A0056_,5.246,4.0
1GOA/GLU-A0119_,3.708,4.1
1GOA/GLU-A0032_,1.59,3.6
1GOA/GLU-A0048_,2.648,4.4
1GOA/GLU-A0057_,2.508,3.2
1GOA/GLU-A0061_,4.063,3.9
1GOA/HIS+A0062_,7.797,7.0
1GOA/GLU-A0064_,4.58,4.4
1GOA/ASP-A0070_,1.117,2.6
1GOA/HIS+A0083_,4.082,5.5
1GOA/ASP-A0094_,3.327,3.2
1GOA/ASP-A0108_,2.699,3.2
1GOA/HIS+A0124_,9.484,7.1
1GOA/HIS+A0127_,8.954,7.9
1GOA/ASP-A0010_,5.843,6.1
1GOA/GLU-A0131_,3.613,4.3
1GOA/GLU-A0154_,3.916,4.4
1GOA/GLU-A0147_,4.794,4.2
1GOA/GLU-A0006_,2.877,4.5
1GOA/ASP-A0134_,1.153,4.1
1GOA/GLU-A0135_,4.624,4.3
1GOA/GLU-A0129_,2.481,3.6
1HHO/HIS+A0020_,8.11,7.0
1HHO/HIS+A0050_,7.513,7.1
1HHO/HIS+A0072_,8.581,7.1
1HHO/HIS+A0089_,1.139,5.6
1HHO/HIS+A0112_,8.853,8.1
1HHO/HIS+B0002_,6.816,6.7
1HHO/HIS+B0077_,8.507,7.8
1HHO/HIS+B0146_,6.135,7.0
1HHO/NTR+B0001_,5.17,7.0
1HHO/NTR+A0001_,7.439,7.16
1HIC/ASP-A0005_,3.593,4.25
1HIC/GLU-A0043_,4.481,4.24
1HIC/GLU-A0035_,4.406,4.32
1HIC/GLU-A0017_,4.191,3.79
1HIC/GLU-A0008_,4.426,4.28
1HIC/ASP-A0033_,4.485,4.24
1HNG/ASP-A0028_,1.577,3.57
1HNG/CTR-A0176_,4.457,3.11
1HNG/GLU-A0099_,2.853,4.25
1HNG/GLU-A0056_,3.051,3.92
1HNG/GLU-A0041_,5.058,6.73
1HNG/ASP-A0002_,2.137,3.55
1HNG/ASP-A0025_,3.148,3.53
1HNG/ASP-A0094_,3.026,3.87
1HNG/ASP-A0072_,3.213,4.14
1HNG/ASP-A0071_,2.925,3.18
1HNG/ASP-A0062_,5.179,4.15
1HNG/ASP-A0026_,3.738,3.58
1HNG/GLU-A0029_,2.649,4.42
1HNG/GLU-A0033_,3.682,4.16
1HRC/HIS+A0033_,6.989,6.4
1HRC/TYR-A0067_,0.0,11.0
1HRC/LYS+A0079_,11.989,9.0
1HV0/GLU-A0078_,3.223,4.6
1HV0/GLU-A0172_,6.677,7.2
1HV1/GLU-A0078_,5.335,4.6
1HV1/GLU-A0172_,5.132,7.2
1IG5/LYS+A0001_,10.676,10.59
1IG5/LYS+A0072_,10.398,11.33
1IG5/LYS+A0071_,9.608,10.73
1IG5/GLU-A0064_,3.406,3.84
1IG5/LYS+A0055_,11.808,12.12
1IG5/GLU-A0048_,4.99,4.62
1IG5/ASP-A0047_,2.293,3.04
1IG5/GLU-A0004_,4.515,3.77
1IG5/LYS+A0041_,10.016,10.93
1IG5/GLU-A0026_,3.555,4.08
1IG5/LYS+A0025_,12.376,11.81
1IG5/LYS+A0016_,10.664,11.06
1IG5/GLU-A0011_,4.256,4.74
1IG5/LYS+A0007_,11.098,11.36
1IG5/GLU-A0005_,2.471,3.4
1IG5/LYS+A0029_,10.188,11.28
1IG5/LYS+A0012_,10.201,11.06
1IG5/GLU-A0017_,4.478,3.62
1IGC/GLU-A0020_,3.384,4.3
1IGC/GLU-A0061_,3.559,4.2
1IGC/ASP-A0052_,3.559,3.4
1IGC/ASP-A0051_,3.356,3.6
1IGC/ASP-A0045_,3.834,4.4
1IGC/ASP-A0041_,4.268,3.9
1IGC/GLU-A0032_,1.531,4.6
1IGC/GLU-A0029_,3.766,4.2
1IGC/ASP-A0027_,2.402,2.9
1IGD/GLU-A0061_,4.075,4.2
1IGD/GLU-A0020_,4.504,4.3
1IGD/LYS+A0024_,9.096,10.7
1IGD/GLU-A0029_,3.192,4.2
1IGD/GLU-A0032_,3.294,4.6
1IGD/ASP-A0041_,4.453,3.9
1IGD/ASP-A0027_,3.366,2.9
1IGD/ASP-A0051_,3.355,3.6
1IGD/ASP-A0052_,2.729,3.4
1IGD/ASP-A0045_,3.395,4.4
1IGV/GLU-A0048_,4.983,4.62
1IGV/LYS+A0072_,10.275,11.33
1IGV/LYS+A0071_,9.703,10.73
1IGV/LYS+A0001_,10.462,10.59
1IGV/GLU-A0004_,4.172,3.77
1IGV/GLU-A0064_,3.389,3.84
1IGV/LYS+A0055_,10.798,12.12
1IGV/ASP-A0047_,2.113,3.04
1IGV/LYS+A0029_,10.418,11.28
1IGV/GLU-A0011_,4.05,4.74
1IGV/LYS+A0012_,10.171,11.06
1IGV/LYS+A0016_,10.714,11.06
1IGV/GLU-A0005_,2.392,3.4
1IGV/GLU-A0026_,3.747,4.08
1IGV/LYS+A0025_,12.175,11.81
1IGV/GLU-A0017_,5.017,3.62
1IGV/LYS+A0041_,10.119,10.93
1IGV/LYS+A0007_,11.127,11.36
1JAS/CYS-A0088_,10.2,10.2
1JBB/CYS-A0087_,10.095,11.1
1KF3/GLU-A0009_,4.445,4.0
1KF3/GLU-A0002_,1.701,2.7
1KF3/GLU-A0086_,3.643,4.0
1KF3/ASP-A0038_,2.514,2.1
1KF3/GLU-A0049_,4.781,4.3
1KF3/ASP-A0053_,3.041,3.7
1KF3/ASP-A0083_,3.801,3.3
1KF3/HIS+A0012_,4.011,6.0
1KF3/HIS+A0105_,7.823,6.5
1KF3/GLU-A0111_,3.349,3.5
1KF3/HIS+A0119_,6.657,6.5
1KF3/ASP-A0121_,0.552,3.0
1KXI/HIS+A0004_,5.126,5.6
1KXI/ASP-A0042_,1.047,3.2
1KXI/ASP-A0059_,1.307,2.3
1KXI/GLU-A0017_,3.688,4.0
1L54/LYS+A0102_,14.0,6.5
1LNI/GLU-A0014_,6.716,5.02
1LNI/ASP-A0017_,3.13,3.72
1LNI/ASP-A0025_,4.698,4.87
1LNI/ASP-A0033_,0.0,2.39
1LNI/GLU-A0041_,5.008,4.14
1LNI/HIS+A0053_,9.345,8.27
1LNI/GLU-A0074_,4.822,3.47
1LNI/GLU-A0078_,4.01,3.13
1LNI/ASP-A0079_,6.623,7.37
1LNI/ASP-A0084_,3.031,3.01
1LNI/HIS+A0085_,6.474,6.35
1LNI/ASP-A0093_,2.362,3.09
1LNI/ASP-A0001_,2.565,3.44
1LSE/GLU-A0007_,3.207,2.85
1LSE/LYS+A0001_,11.47,10.8
1LSE/LYS+A0013_,10.686,10.5
1LSE/ASP-A0087_,2.636,2.07
1LSE/ASP-A0018_,1.574,2.66
1LSE/LYS+A0033_,9.363,10.6
1LSE/GLU-A0035_,4.849,6.2
1LSE/ASP-A0048_,2.331,1.6
1LSE/ASP-A0052_,5.001,3.68
1LSE/ASP-A0066_,0.609,0.9
1LSE/ASP-A0119_,3.04,3.2
1LSE/LYS+A0096_,10.348,10.8
1LSE/LYS+A0097_,10.29,10.3
1LSE/ASP-A0101_,3.452,4.09
1LSE/LYS+A0116_,10.588,10.4
1LYS/ASP-A0048_,3.431,1.6
1LYS/ASP-A0101_,3.644,4.09
1LYS/LYS+A0096_,11.241,10.8
1LYS/ASP-A0066_,1.177,0.9
1LYS/ASP-A0087_,2.316,2.07
1LYS/LYS+A0097_,8.496,10.3
1LYS/ASP-A0052_,4.152,3.68
1LYS/LYS+A0013_,10.377,10.5
1LYS/ASP-A0018_,1.856,2.66
1LYS/LYS+A0033_,9.51,10.6
1LYS/LYS+A0116_,8.019,10.4
1LYS/ASP-A0119_,1.945,3.2
1LYS/LYS+A0001_,10.959,10.8
1LYS/GLU-A0007_,2.085,2.85
1LYS/GLU-A0035_,4.168,6.2
1LZ1/HIS+A0078_,8.427,7.12
1LZ3/ASP-A0087_,2.734,2.13
1LZ3/GLU-A0007_,3.002,2.68
1LZ3/ASP-A0052_,5.128,3.78
1LZ3/ASP-A0119_,3.205,3.35
1LZ3/GLU-A0035_,5.338,6.06
1LZ3/ASP-A0018_,1.862,2.68
1MBC/HIS+A0081_,7.926,6.7
1MBC/HIS+A0113_,6.676,5.4
1MBC/HIS+A0119_,6.386,6.1
1MBC/HIS+A0116_,7.789,6.6
1MBC/HIS+A0048_,6.551,5.5
1MBC/HIS+A0012_,7.117,6.4
1MBC/HIS+A0036_,7.049,8.2
1MBC/TYR-A0151_,11.904,10.5
1MBC/TYR-A0103_,13.025,10.3
1MUT/LYS+A0039_,11.33,8.4
1NZP/LYS+A0312_,8.396,9.58
1P5F/CYS-A0106_,5.542,5.4
1PGA/GLU-A0019_,3.279,3.7
1PGA/GLU-A0056_,3.058,4.0
1PGA/ASP-A0046_,3.53,3.6
1PGA/ASP-A0047_,2.887,3.4
1PGA/ASP-A0022_,3.223,2.9
1PGA/GLU-A0042_,4.607,4.4
1PGA/LYS+A0010_,11.456,11.0
1PGA/GLU-A0015_,3.292,4.4
1PGA/GLU-A0027_,1.538,4.5
1PGA/LYS+A0028_,12.649,10.9
1PGA/ASP-A0040_,3.722,4.0
1PGA/TYR-A0033_,11.018,11.0
1PGA/ASP-A0036_,4.73,3.8
1PGB/ASP-A0022_,2.422,2.9
1PGB/GLU-A0042_,5.118,4.4
1PGB/LYS+A0010_,10.916,11.0
1PGB/ASP-A0036_,4.377,3.8
1PGB/LYS+A0028_,10.135,10.9
1PGB/GLU-A0027_,3.122,4.5
1PGB/TYR-A0033_,11.124,11.0
1PGB/ASP-A0040_,3.913,4.0
1PGB/GLU-A0015_,0.757,4.4
1PGB/GLU-A0056_,3.407,4.0
1PGB/ASP-A0047_,3.394,3.4
1PGB/ASP-A0046_,3.816,3.6
1PGB/GLU-A0019_,4.804,3.7
1PNT/HIS+A0066_,8.526,8.29
1PNT/HIS+A0072_,8.63,9.19
1POH/HIS+A0076_,5.647,6.0
1PPF/GLU-I0010_,3.653,4.14
1PPF/GLU-I0019_,0.0,3.21
1PPF/HIS+I0052_,7.793,7.5
1PPF/ASP-I0027_,2.123,2.22
1PPF/ASP-I0007_,2.562,2.67
1PPF/GLU-I0043_,3.904,4.81
1PPF/LYS+I0013_,11.605,9.87
1PPF/LYS+I0029_,10.258,11.12
1PPF/LYS+I0034_,10.3,10.13
1PPF/LYS+I0055_,9.197,11.1
1PPN/CYS-A0025_,11.271,3.32
1PPO/CYS-A0025_,9.089,2.88
1PTD/HIS+A0082_,8.304,6.9
1PTD/HIS+A0227_,8.363,6.9
1PTD/HIS+A0092_,6.878,5.4
1PTD/HIS+A0032_,12.609,7.6
1QH7/ASP-A0012_,2.629,3.94
1QH7/ASP-A0015_,1.793,3.35
1QH7/GLU-A0017_,3.462,4.31
1QH7/ASP-A0021_,4.778,3.46
1QH7/HIS+A0032_,7.757,6.68
1QH7/GLU-A0056_,3.488,4.55
1QH7/ASP-A0090_,3.168,3.88
1QH7/HIS+A0060_,4.1,4.01
1QH7/CTR-A0207_,3.92,3.9
1QH7/GLU-A0184_,8.824,6.5
1QH7/GLU-A0178_,0.0,4.1
1QH7/GLU-A0167_,3.361,3.58
1QH7/GLU-A0126_,2.963,4.51
1QH7/HIS+A0011_,14.0,6.52
1QH7/GLU-A0094_,2.258,3.94
1QH7/ASP-A0005_,2.962,3.84
1RDD/GLU-A0119_,3.993,4.1
1RDD/HIS+A0124_,5.754,7.1
1RDD/ASP-A0134_,4.693,4.3
1RDD/ASP-A0108_,4.195,3.2
1RDD/HIS+A0083_,7.396,5.5
1RDD/HIS+A0127_,9.054,7.9
1RDD/GLU-A0129_,0.79,3.6
1RDD/ASP-A0070_,3.258,2.6
1RDD/GLU-A0064_,4.384,4.4
1RDD/HIS+A0062_,8.516,7.0
1RDD/GLU-A0061_,2.372,3.9
1RDD/GLU-A0057_,2.729,3.2
1RDD/GLU-A0048_,4.685,4.4
1RDD/GLU-A0032_,2.657,3.6
1RDD/ASP-A0010_,6.868,6.1
1RDD/GLU-A0006_,3.9,4.5
1RDD/GLU-A0154_,6.222,4.4
1RDD/GLU-A0147_,4.044,4.2
1RDD/ASP-A0094_,2.46,3.2
1RDD/GLU-A0131_,6.704,4.3
1RDD/GLU-A0135_,4.224,4.3
1RGG/ASP-A0093_,2.908,3.09
1RGG/TYR-A0030_,11.144,11.3
1RGG/TYR-A0049_,10.131,10.6
1RGG/GLU-A0054_,1.738,3.42
1RGG/ASP-A0001_,1.885,3.44
1RGG/GLU-A0014_,6.439,5.02
1RGG/ASP-A0017_,3.136,3.72
1RGG/ASP-A0033_,0.0,2.39
1RGG/GLU-A0041_,3.603,4.14
1RGG/CTR-A0096_,3.061,2.42
1RGG/HIS+A0053_,9.297,8.27
1RGG/GLU-A0074_,5.395,3.47
1RGG/GLU-A0078_,4.238,3.13
1RGG/ASP-A0079_,6.563,7.37
1RGG/ASP-A0084_,2.582,3.01
1RGG/NTR+A0001_,11.787,9.14
1RGG/HIS+A0085_,7.245,6.35
1RGG/ASP-A0025_,4.094,4.87
1RNZ/HIS+A0012_,5.398,6.0
1RNZ/GLU-A0009_,4.639,4.0
1RNZ/ASP-A0038_,2.967,2.1
1RNZ/GLU-A0049_,4.694,4.3
1RNZ/ASP-A0053_,3.227,3.7
1RNZ/ASP-A0083_,2.676,3.3
1RNZ/GLU-A0086_,3.532,4.0
1RNZ/GLU-A0002_,2.067,2.7
1RNZ/HIS+A0105_,7.546,6.5
1RNZ/HIS+A0119_,6.589,6.5
1RNZ/ASP-A0121_,1.254,3.0
1RNZ/GLU-A0111_,3.463,3.5
1SAP/ASP-A0049_,3.783,3.55
1SAP/GLU-A0047_,3.761,4.21
1SAP/ASP-A0036_,0.856,3.12
1SAP/ASP-A0035_,4.265,3.42
1SAP/GLU-A0053_,6.65,3.53
1SAP/ASP-A0016_,1.239,2.89
1SAP/ASP-A0056_,1.854,3.35
1SAP/GLU-A0062_,3.782,3.99
1SAP/GLU-A0011_,3.725,4.19
1SAP/GLU-A0064_,3.976,4.23
1SAP/GLU-A0014_,2.829,4.0
1SAP/GLU-A0012_,6.784,4.41
1STN/GLU-A0135_,3.516,3.76
1STN/GLU-A0129_,0.677,3.75
1STN/GLU-A0122_,1.141,3.89
1STN/GLU-A0101_,2.224,3.81
1STN/GLU-A0075_,0.0,3.26
1STN/GLU-A0073_,4.247,3.31
1STN/GLU-A0067_,3.221,3.76
1STN/GLU-A0057_,4.137,3.49
1STN/GLU-A0010_,2.029,2.82
1STN/ASP-A0095_,2.499,2.16
1STN/GLU-A0043_,6.928,4.32
1STN/GLU-A0052_,3.369,3.93
1STN/ASP-A0040_,3.205,3.87
1STN/HIS+A0124_,6.403,5.73
1STN/HIS+A0121_,7.23,5.3
1STN/HIS+A0046_,14.0,5.86
1STN/HIS+A0008_,7.649,6.52
1TRS/ASP-A0060_,5.192,3.9
1TRS/ASP-A0058_,1.581,2.7
1TRS/GLU-A0103_,4.24,4.5
1TRS/ASP-A0020_,3.327,3.8
1TRS/ASP-A0016_,3.26,4.2
1TRS/ASP-A0026_,6.072,8.1
1TRS/GLU-A0098_,3.523,3.9
1TRS/GLU-A0068_,4.359,5.1
1TRS/GLU-A0013_,4.453,4.4
1TRS/GLU-A0056_,2.496,3.2
1TRS/GLU-A0070_,4.361,4.8
1TRS/GLU-A0088_,4.002,3.6
1TRS/ASP-A0064_,1.596,3.2
1TRS/GLU-A0095_,3.941,4.1
1TRS/GLU-A0006_,4.235,4.9
1TRS/ASP-A0061_,3.943,5.2
1TRS/GLU-A0047_,3.626,4.3
1TRW/ASP-A0020_,4.076,3.8
1TRW/GLU-A0013_,4.146,4.4
1TRW/ASP-A0016_,3.035,4.0
1TRW/ASP-A0058_,0.182,2.8
1TRW/ASP-A0060_,5.328,4.2
1TRW/ASP-A0061_,4.131,5.3
1TRW/ASP-A0064_,3.123,3.2
1TRW/GLU-A0006_,4.057,4.8
1TRW/ASP-A0026_,7.331,9.9
1TRW/GLU-A0103_,4.249,4.4
1TRW/GLU-A0098_,3.823,3.9
1TRW/GLU-A0047_,3.232,4.1
1TRW/GLU-A0056_,3.033,3.1
1TRW/GLU-A0068_,4.858,4.9
1TRW/GLU-A0095_,3.661,4.1
1TRW/GLU-A0088_,3.464,3.7
1TRW/GLU-A0070_,3.971,4.6
1WLA/HIS+A0116_,7.363,6.79
1WLA/HIS+A0119_,7.175,6.56
1WLA/HIS+A0081_,8.231,6.94
1WLA/HIS+A0048_,6.588,5.62
1WLA/HIS+A0036_,7.69,7.8
1WLA/HIS+A0113_,6.435,5.87
1XNB/ASP-A0004_,3.519,3.0
1XNB/ASP-A0011_,2.773,2.5
1XNB/GLU-A0078_,4.162,4.6
1XNB/ASP-A0106_,2.522,2.7
1XNB/ASP-A0119_,2.197,3.2
1XNB/ASP-A0121_,3.779,3.6
1XNB/HIS+A0156_,7.065,6.5
1XNB/CTR-A0185_,2.074,2.7
1XNB/GLU-A0172_,5.32,7.2
1YGW/ASP-A0015_,2.5,3.52
1YGW/GLU-A0082_,2.656,3.27
1YGW/GLU-A0058_,2.736,3.96
1YGW/GLU-A0046_,4.039,3.62
1YGW/GLU-A0031_,4.282,5.36
1YGW/GLU-A0028_,4.938,5.61
1YGW/ASP-A0066_,3.465,3.9
1YGW/ASP-A0049_,4.548,4.22
1YGW/ASP-A0029_,4.713,4.26
1YGW/HIS+A0092_,7.198,7.31
1YGW/GLU-A0102_,5.658,5.3
1YGW/ASP-A0003_,4.498,3.54
1YGW/HIS+A0040_,13.19,7.44
1YGW/HIS+A0027_,8.212,7.57
1YMB/HIS+A0036_,7.829,7.98
1YMB/HIS+A0048_,6.217,5.61
1YMB/HIS+A0113_,5.857,5.51
1YMB/HIS+A0116_,7.859,6.7
1YMB/HIS+A0119_,14.0,6.37
1YMB/HIS+A0081_,8.039,6.72
1Z12/HIS+A0066_,8.109,8.36
1Z12/HIS+A0072_,9.689,9.19
2BCA/LYS+A0029_,9.047,11.28
2BCA/LYS+A0041_,9.872,10.93
2BCA/LYS+A0072_,11.636,11.33
2BCA/GLU-A0026_,4.456,4.08
2BCA/LYS+A0016_,10.115,11.06
2BCA/LYS+A0012_,9.592,11.06
2BCA/LYS+A0007_,10.899,11.36
2BCA/LYS+A0055_,11.357,12.12
2BCA/LYS+A0001_,12.348,10.59
2BCA/LYS+A0071_,10.025,10.73
2BUS/GLU-A0020_,4.472,4.1
2BUS/ASP-A0012_,3.414,3.6
2BUS/GLU-A0009_,4.627,4.3
2BUS/ASP-A0006_,3.34,4.0
2CI2/GLU-I0026_,3.711,3.3
2CI2/GLU-I0023_,3.872,3.2
2CI2/GLU-I0033_,3.395,4.2
2CI2/ASP-I0071_,3.673,2.8
2CI2/GLU-I0034_,4.264,3.8
2CI2/ASP-I0042_,3.882,3.3
2CI2/GLU-I0045_,2.355,3.9
2CI2/GLU-I0060_,2.973,3.5
2CI2/ASP-I0074_,4.351,5.0
2CI2/ASP-I0064_,2.286,3.8
2CPL/HIS+A0126_,6.477,6.34
2CPL/HIS+A0070_,7.35,5.84
2GB1/GLU-A0056_,5.312,4.0
2GB1/LYS+A0028_,10.361,10.9
2GB1/ASP-A0046_,3.599,3.6
2GB1/GLU-A0042_,4.372,4.4
2GB1/ASP-A0047_,3.819,3.4
2GB1/ASP-A0022_,3.834,2.9
2GB1/ASP-A0036_,4.096,3.8
2GB1/ASP-A0040_,7.658,4.0
2GB1/GLU-A0019_,3.576,3.7
2GB1/GLU-A0015_,4.36,4.4
2GB1/LYS+A0010_,11.1,11.0
2GB1/GLU-A0027_,4.176,4.5
2HNP/CYS-A0215_,0.0,5.57
2IGD/GLU-A0061_,3.811,4.2
2IGD/ASP-A0051_,3.647,3.6
2IGD/ASP-A0045_,3.461,4.4
2IGD/ASP-A0041_,4.461,3.9
2IGD/GLU-A0032_,3.121,4.6
2IGD/GLU-A0029_,3.53,4.2
2IGD/ASP-A0027_,3.112,2.9
2IGD/GLU-A0020_,4.337,4.3
2IGD/ASP-A0052_,2.765,3.4
2IGH/GLU-A0061_,8.499,4.2
2IGH/ASP-A0041_,3.307,3.9
2IGH/ASP-A0051_,3.08,3.6
2IGH/ASP-A0045_,4.17,4.4
2IGH/GLU-A0032_,4.361,4.6
2IGH/GLU-A0029_,4.225,4.2
2IGH/ASP-A0027_,2.744,2.9
2IGH/GLU-A0020_,4.234,4.3
2IGH/ASP-A0052_,4.409,3.4
2LZM/HIS+A0031_,8.832,9.1
2LZM/ASP-A0070_,3.447,0.5
2LZT/NTR+A0001_,4.77,7.9
2LZT/TYR-A0053_,0.0,12.1
2LZT/TYR-A0020_,13.214,10.3
2LZT/HIS+A0015_,6.426,5.36
2LZT/CTR-A0129_,3.274,2.75
2LZT/TYR-A0023_,10.654,9.8
2LZT/LYS+A0013_,10.35,10.6
2LZT/ASP-A0066_,2.091,0.9
2LZT/LYS+A0001_,9.128,10.9
2LZT/GLU-A0007_,2.766,2.85
2LZT/ASP-A0018_,1.87,2.66
2LZT/LYS+A0033_,10.617,10.6
2LZT/GLU-A0035_,4.393,6.2
2LZT/ASP-A0048_,1.846,1.6
2LZT/ASP-A0052_,3.833,3.68
2LZT/LYS+A0096_,10.351,10.8
2LZT/ASP-A0087_,1.915,2.07
2LZT/LYS+A0116_,8.938,10.4
2LZT/ASP-A0101_,3.958,4.09
2LZT/ASP-A0119_,3.768,3.2
2LZT/LYS+A0097_,11.157,10.3
2OVO/GLU-A0019_,2.77,3.21
2OVO/ASP-A0027_,3.992,2.3
2OVO/TYR-A0020_,11.15,11.07
2OVO/GLU-A0043_,4.284,4.81
2OVO/ASP-A0007_,2.986,2.67
2OVO/HIS+A0052_,8.558,7.5
2OVO/GLU-A0010_,3.683,4.14
2OVO/LYS+A0013_,10.941,9.86
2OVO/LYS+A0029_,10.815,11.12
2OVO/LYS+A0034_,10.585,10.13
2OVO/TYR-A0011_,0.0,10.16
2OVO/LYS+A0055_,10.667,11.1
2QMT/GLU-A0056_,2.207,4.0
2QMT/ASP-A0047_,3.433,3.4
2QMT/ASP-A0046_,2.987,3.6
2QMT/GLU-A0042_,4.691,4.4
2QMT/ASP-A0036_,4.56,3.8
2QMT/ASP-A0040_,3.578,4.0
2QMT/GLU-A0027_,3.671,4.5
2QMT/ASP-A0022_,2.663,2.9
2QMT/GLU-A0019_,4.316,3.7
2QMT/GLU-A0015_,3.35,4.4
2QMT/LYS+A0010_,11.598,11.0
2QMT/LYS+A0028_,10.531,10.9
2RN2/HIS+A0127_,8.804,7.9
2RN2/ASP-A0070_,2.424,2.6
2RN2/GLU-A0064_,4.011,4.4
2RN2/HIS+A0083_,6.971,5.5
2RN2/ASP-A0094_,3.664,3.2
2RN2/ASP-A0108_,2.977,3.2
2RN2/GLU-A0119_,4.111,4.1
2RN2/HIS+A0124_,6.389,7.1
2RN2/GLU-A0129_,1.23,3.6
2RN2/ASP-A0010_,6.386,6.1
2RN2/ASP-A0134_,1.173,4.3
2RN2/GLU-A0135_,4.055,4.3
2RN2/GLU-A0147_,4.015,4.2
2RN2/GLU-A0154_,3.386,4.4
2RN2/GLU-A0057_,2.906,3.2
2RN2/GLU-A0048_,5.058,4.4
2RN2/GLU-A0032_,2.585,3.6
2RN2/GLU-A0006_,4.36,4.5
2RN2/HIS+A0062_,7.991,7.0
2RN2/GLU-A0131_,4.464,4.3
2RN2/GLU-A0061_,3.058,3.9
2SNI/GLU-I0033_,2.204,4.2
2SNI/GLU-I0026_,2.833,3.3
2SNI/GLU-I0023_,3.629,3.2
2SNI/GLU-I0034_,3.799,3.8
2SNI/ASP-I0042_,4.978,3.3
2SNI/GLU-I0045_,1.207,3.9
2SNI/ASP-I0074_,4.317,5.0
2SNI/ASP-I0071_,4.075,2.8
2SNI/ASP-I0064_,3.22,3.8
2SNI/GLU-I0060_,0.0,3.5
2TGA/HIS+A0040_,5.676,4.57
2TGA/HIS+A0057_,8.39,7.33
3EBX/HIS+A0006_,14.0,2.8
3EBX/HIS+A0026_,6.191,5.8
3EGF/ASP-A0046_,2.945,3.8
3EGF/ASP-A0011_,4.714,3.9
3EGF/GLU-A0024_,4.04,4.1
3EGF/ASP-A0027_,3.84,4.0
3EGF/ASP-A0040_,3.716,3.6
3EGF/GLU-A0051_,5.734,4.0
3EGF/HIS+A0022_,9.164,6.8
3GB1/ASP-A0047_,3.223,3.4
3GB1/ASP-A0046_,2.57,3.6
3GB1/GLU-A0042_,4.433,4.4
3GB1/GLU-A0056_,4.04,4.0
3GB1/ASP-A0036_,4.59,3.8
3GB1/LYS+A0010_,10.66,11.0
3GB1/GLU-A0015_,4.094,4.4
3GB1/LYS+A0028_,10.786,10.9
3GB1/GLU-A0027_,4.188,4.5
3GB1/GLU-A0019_,3.574,3.7
3GB1/ASP-A0022_,2.471,2.9
3GB1/ASP-A0040_,4.074,4.0
3ICB/GLU-A0004_,4.364,3.77
3ICB/GLU-A0005_,3.202,3.4
3ICB/LYS+A0007_,10.533,11.39
3ICB/GLU-A0011_,4.715,4.74
3ICB/LYS+A0012_,10.184,11.06
3ICB/GLU-A0017_,2.652,3.62
3ICB/LYS+A0025_,11.856,11.72
3ICB/LYS+A0029_,10.114,11.05
3ICB/LYS+A0041_,10.222,10.95
3ICB/ASP-A0047_,2.424,3.04
3ICB/GLU-A0048_,3.824,4.62
3ICB/LYS+A0055_,9.553,11.43
3ICB/GLU-A0064_,3.772,3.84
3ICB/LYS+A0072_,10.494,11.01
3ICB/CTR-A0075_,4.635,3.2
3ICB/LYS+A0016_,10.437,10.06
3ICB/LYS+A0071_,9.673,10.73
3ICB/GLU-A0026_,4.035,4.08
3ICB/LYS+A0001_,10.595,10.61
3RN3/GLU-A0002_,1.47,2.8
3RN3/GLU-A0009_,4.4,4.0
3RN3/HIS+A0012_,3.922,6.2
3RN3/ASP-A0038_,2.78,3.5
3RN3/GLU-A0049_,4.423,4.7
3RN3/ASP-A0053_,2.365,3.9
3RN3/ASP-A0083_,2.329,3.5
3RN3/HIS+A0119_,7.478,6.1
3RN3/NTR+A0001_,6.651,7.6
3RN3/CTR-A0124_,2.749,2.4
3RN3/HIS+A0105_,7.686,6.7
3RN3/GLU-A0111_,3.586,3.5
3RN3/ASP-A0121_,0.0,3.1
3RN3/HIS+A0048_,9.203,6.0
3RN3/GLU-A0086_,3.442,4.1
3SRN/HIS+B0119_,7.772,6.33
3SRN/HIS+A0105_,7.738,6.82
3SRN/HIS+A0012_,3.838,6.03
3SSI/HIS+A0043_,0.514,3.25
3SSI/HIS+A0106_,6.172,6.0
3TRX/NTR+A0001_,4.629,7.3
4HHB/NTR+B0001_,3.043,6.91
4HHB/HIS+A0112_,9.359,8.1
4HHB/HIS+A0050_,8.177,7.2
4HHB/HIS+A0020_,7.797,7.6
4HHB/HIS+A0072_,7.255,7.3
4HHB/HIS+B0002_,6.088,6.7
4HHB/HIS+B0143_,3.305,5.6
4HHB/HIS+B0146_,9.301,8.1
4HHB/NTR+A0001_,6.701,7.83
4HHB/HIS+B0077_,8.34,7.8
4HHB/HIS+A0089_,8.51,7.2
4ICB/LYS+A0071_,10.222,10.72
4ICB/GLU-A0064_,3.447,3.84
4ICB/LYS+A0055_,10.053,12.12
4ICB/LYS+A0016_,10.764,10.06
4ICB/LYS+A0072_,9.508,11.33
4ICB/GLU-A0017_,2.985,3.62
4ICB/LYS+A0025_,12.395,11.81
4ICB/GLU-A0026_,4.337,4.08
4ICB/LYS+A0029_,10.224,11.28
4ICB/LYS+A0041_,8.855,10.93
4ICB/ASP-A0047_,1.575,3.04
4ICB/CTR-A0075_,4.302,3.2
4ICB/GLU-A0048_,4.348,4.62
4ICB/LYS+A0007_,10.337,11.36
4ICB/GLU-A0011_,4.065,4.74
4ICB/LYS+A0012_,10.751,11.06
4ICB/LYS+A0001_,10.404,10.59
4ICB/GLU-A0004_,4.029,3.77
4ICB/GLU-A0005_,3.51,3.4
4LZT/ASP-A0101_,3.978,4.09
4LZT/ASP-A0119_,3.6,3.2
4LZT/LYS+A0097_,10.792,10.3
4LZT/LYS+A0001_,9.545,10.9
4LZT/GLU-A0007_,3.231,2.85
4LZT/LYS+A0013_,11.338,10.6
4LZT/LYS+A0116_,9.529,10.4
4LZT/ASP-A0018_,2.039,2.66
4LZT/HIS+A0015_,6.943,5.36
4LZT/ASP-A0087_,1.707,2.07
4LZT/ASP-A0066_,1.701,0.9
4LZT/LYS+A0096_,10.61,10.8
4LZT/ASP-A0048_,1.776,1.6
4LZT/GLU-A0035_,5.102,6.2
4LZT/LYS+A0033_,10.587,10.6
4LZT/ASP-A0052_,2.931,3.68
4MBN/HIS+A0119_,4.653,6.38
4MBN/HIS+A0012_,7.759,6.49
4MBN/HIS+A0036_,7.483,7.83
4MBN/HIS+A0048_,6.231,5.57
4MBN/HIS+A0081_,7.965,6.89
4MBN/HIS+A0113_,6.771,5.51
4MBN/HIS+A0116_,7.616,6.66
4PTI/ASP-A0003_,3.058,3.0
4PTI/TYR-A0023_,11.705,11.7
4PTI/GLU-A0007_,5.377,3.7
4PTI/LYS+A0015_,10.378,10.6
4PTI/LYS+A0026_,10.14,10.6
4PTI/LYS+A0041_,10.384,10.8
4PTI/LYS+A0046_,9.971,10.6
4PTI/GLU-A0049_,3.887,3.8
4PTI/ASP-A0050_,1.612,3.4
4PTI/CTR-A0058_,3.554,2.9
4PTI/TYR-A0035_,8.615,11.1
4PTI/NTR+A0001_,7.828,8.1
4PTI/TYR-A0021_,11.229,11.1
4PTI/TYR-A0010_,11.612,10.4
6LYZ/HIS+A0015_,6.754,5.5
7RSA/ASP-A0121_,0.507,3.0
7RSA/GLU-A0086_,3.865,4.0
7RSA/GLU-A0111_,3.509,3.5
7RSA/HIS+A0105_,7.592,6.5
7RSA/ASP-A0053_,2.578,3.7
7RSA/GLU-A0049_,4.787,4.3
7RSA/ASP-A0038_,2.135,2.1
7RSA/HIS+A0012_,3.238,6.0
7RSA/GLU-A0009_,4.641,4.0
7RSA/GLU-A0002_,1.426,2.7
7RSA/HIS+A0119_,6.305,6.5
7RSA/ASP-A0083_,2.043,3.3
9RAT/HIS+A0105_,7.913,6.5
9RAT/ASP-A0121_,0.678,3.0
9RAT/ASP-A0038_,2.993,2.1
9RAT/GLU-A0111_,3.258,3.5
9RAT/GLU-A0086_,3.393,4.0
9RAT/ASP-A0083_,2.065,3.3
9RAT/ASP-A0053_,3.127,3.7
9RAT/GLU-A0049_,4.48,4.3
9RAT/HIS+A0012_,3.534,6.0
9RAT/GLU-A0009_,4.072,4.0
9RAT/GLU-A0002_,1.744,2.7
9RAT/HIS+A0119_,5.777,6.5
9RNT/GLU-A0031_,4.555,5.36
9RNT/HIS+A0040_,11.426,7.44
9RNT/GLU-A0102_,5.463,5.3
9RNT/GLU-A0082_,1.098,3.27
9RNT/GLU-A0058_,1.142,3.96
9RNT/GLU-A0046_,4.546,3.62
9RNT/GLU-A0028_,3.825,5.61
9RNT/NTR+A0001_,9.23,8.1
9RNT/ASP-A0066_,2.77,3.9
9RNT/ASP-A0049_,3.882,4.22
9RNT/ASP-A0029_,4.621,4.26
9RNT/HIS+A0027_,8.785,7.57
9RNT/ASP-A0015_,3.644,3.52
9RNT/ASP-A0003_,3.416,3.54
9RNT/ASP-A0076_,2.362,0.5
9RNT/HIS+A0092_,7.565,7.31
